date,tournament,level,bestOf,surface,indoor,round,winner_name,winner_seed,winner_country_name,winner_country_id,winner_rank,winner_eloRatingDelta,winner_eloRating,loser_name,loser_seed,loser_country_name,loser_country_id,loser_rank,loser_eloRatingDelta,loser_eloRating,score,loser_entry,speed,outcome,winner_entry
2023-08-28,US Open,G,5,H,false,F,Novak Djokovic,2,Serbia,SRB,2,9,2434,Daniil Medvedev,3,Russian Federation,RUS,3,-9,2267,6-3 7-6(5) 6-3,,,,
2023-08-28,US Open,G,5,H,false,SF,Novak Djokovic,2,Serbia,SRB,2,2,2432,Ben Shelton,,United States,USA,47,-2,1915,6-3 6-2 7-6(4),,,,
2023-08-28,US Open,G,5,H,false,QF,Novak Djokovic,2,Serbia,SRB,2,3,2429,Taylor Harry Fritz,9,United States,USA,9,-4,2096,6-1 6-4 6-4,,,,
2023-08-28,US Open,G,5,H,false,R16,Novak Djokovic,2,Serbia,SRB,2,1,2428,Borna Gojo,,Croatia,CRO,105,-1,1835,6-2 7-5 6-4,Q,,,
2023-08-28,US Open,G,5,H,false,R32,Novak Djokovic,2,Serbia,SRB,2,1,2427,Laslo Djere,32,Serbia,SRB,38,-2,1947,4-6 4-6 6-1 6-1 6-3,,,,
2023-08-28,US Open,G,5,H,false,R64,Novak Djokovic,2,Serbia,SRB,2,1,2426,Bernabe Zapata Miralles,,Spain,ESP,76,-1,1808,6-4 6-1 6-1,,,,
2023-08-28,US Open,G,5,H,false,R128,Novak Djokovic,2,Serbia,SRB,2,1,2425,Alexandre Muller,,France,FRA,84,-1,1778,6-0 6-2 6-3,,,,
2023-07-03,Wimbledon,G,5,G,false,F,Carlos Alcaraz Garfia,1,Spain,ESP,1,20,2324,Novak Djokovic,2,Serbia,SRB,2,-21,2426,1-6 7-6(6) 6-1 3-6 6-4,,,,
2023-07-03,Wimbledon,G,5,G,false,SF,Novak Djokovic,2,Serbia,SRB,2,5,2421,Jannik Sinner,8,Italy,ITA,8,-5,2147,6-3 6-4 7-6(4),,,,
2023-07-03,Wimbledon,G,5,G,false,QF,Novak Djokovic,2,Serbia,SRB,2,5,2416,Andrey Rublev,7,Russian Federation,RUS,7,-4,2148,4-6 6-1 6-4 6-3,,,,
2023-07-03,Wimbledon,G,5,G,false,R16,Novak Djokovic,2,Serbia,SRB,2,2,2414,Hubert Hurkacz,17,Poland,POL,18,-3,2038,7-6(6) 7-6(6) 5-7 6-4,,,,
2023-07-03,Wimbledon,G,5,G,false,R32,Novak Djokovic,2,Serbia,SRB,2,2,2412,Stan Wawrinka,,Switzerland,SUI,88,-3,1977,6-3 6-1 7-6(5),,,,
2023-07-03,Wimbledon,G,5,G,false,R64,Novak Djokovic,2,Serbia,SRB,2,1,2411,Jordan Thompson,,Australia,AUS,70,-1,1838,6-3 7-6(4) 7-5,,,,
2023-07-03,Wimbledon,G,5,G,false,R128,Novak Djokovic,2,Serbia,SRB,2,1,2410,Pedro Cachin,,Argentina,ARG,68,-1,1809,6-3 6-3 7-6(4),,,,
2023-05-28,Roland Garros,G,5,C,false,F,Novak Djokovic,3,Serbia,SRB,3,5,2405,Casper Ruud,4,Norway,NOR,4,-5,2111,7-6(1) 6-3 7-5,,,,
2023-05-28,Roland Garros,G,5,C,false,SF,Novak Djokovic,3,Serbia,SRB,3,10,2395,Carlos Alcaraz Garfia,1,Spain,ESP,1,-10,2285,6-3 5-7 6-1 6-1,,,,
2023-05-28,Roland Garros,G,5,C,false,QF,Novak Djokovic,3,Serbia,SRB,3,4,2391,Karen Khachanov,11,Russian Federation,RUS,11,-5,2099,4-6 7-6(0) 6-2 6-4,,,,
2023-05-28,Roland Garros,G,5,C,false,R16,Novak Djokovic,3,Serbia,SRB,3,1,2390,Juan Pablo Varillas Patino Samudio,,Peru,PER,97,-2,1847,6-3 6-2 6-2,,,,
2023-05-28,Roland Garros,G,5,C,false,R32,Novak Djokovic,3,Serbia,SRB,3,2,2388,Alejandro Davidovich Fokina,29,Spain,ESP,34,-3,1982,7-6(4) 7-6(5) 6-2,,,,
2023-05-28,Roland Garros,G,5,C,false,R64,Novak Djokovic,3,Serbia,SRB,3,2,2386,Marton Fucsovics,,Hungary,HUN,80,-2,1905,7-6(2) 6-0 6-3,,,,
2023-05-28,Roland Garros,G,5,C,false,R128,Novak Djokovic,3,Serbia,SRB,3,1,2385,Aleksandar Kovacevic,,United States,USA,114,-1,1762,6-3 6-2 7-6(1),,,,
2023-01-16,Australian Open,G,5,H,false,F,Novak Djokovic,4,Serbia,SRB,5,7,2438,Stefanos Tsitsipas,3,Greece,GRE,4,-7,2208,6-3 7-6(4) 7-6(5),,,,
2023-01-16,Australian Open,G,5,H,false,SF,Novak Djokovic,4,Serbia,SRB,5,3,2435,Tommy Paul,,United States,USA,35,-3,2054,7-5 6-1 6-2,,,,
2023-01-16,Australian Open,G,5,H,false,QF,Novak Djokovic,4,Serbia,SRB,5,4,2431,Andrey Rublev,5,Russian Federation,RUS,6,-5,2133,6-1 6-2 6-4,,,,
2023-01-16,Australian Open,G,5,H,false,R16,Novak Djokovic,4,Serbia,SRB,5,3,2428,Alex De Minaur,22,Australia,AUS,24,-3,2064,6-2 6-1 6-2,,,,
2023-01-16,Australian Open,G,5,H,false,R32,Novak Djokovic,4,Serbia,SRB,5,2,2426,Grigor Dimitrov,27,Bulgaria,BUL,28,-2,2003,7-6(7) 6-3 6-4,,,,
2023-01-16,Australian Open,G,5,H,false,R64,Novak Djokovic,4,Serbia,SRB,5,,2426,Enzo Couacaud,,France,FRA,191,-1,1739,6-1 6-7(5) 6-2 6-0,Q,,,
2023-01-16,Australian Open,G,5,H,false,R128,Novak Djokovic,4,Serbia,SRB,5,1,2425,Roberto Carballes Baena,,Spain,ESP,75,-1,1841,6-3 6-4 6-0,,,,
2022-06-27,Wimbledon,G,5,G,false,F,Novak Djokovic,1,Serbia,SRB,3,6,2384,Nick Kyrgios,,Australia,AUS,40,-6,2136,4-6 6-3 6-4 7-6(3),,70,,
2022-06-27,Wimbledon,G,5,G,false,SF,Novak Djokovic,1,Serbia,SRB,3,4,2380,Cameron Norrie,9,United Kingdom,GBR,12,-4,2084,2-6 6-3 6-2 6-4,,70,,
2022-06-27,Wimbledon,G,5,G,false,QF,Novak Djokovic,1,Serbia,SRB,3,6,2374,Jannik Sinner,10,Italy,ITA,13,-6,2155,5-7 2-6 6-3 6-2 6-2,,70,,
2022-06-27,Wimbledon,G,5,G,false,R16,Novak Djokovic,1,Serbia,SRB,3,2,2372,Tim Van Rijthoven,,Netherlands,NED,104,-1,1871,6-2 4-6 6-1 6-2,WC,70,,
2022-06-27,Wimbledon,G,5,G,false,R32,Novak Djokovic,1,Serbia,SRB,3,2,2370,Miomir Kecmanovic,25,Serbia,SRB,30,-3,1970,6-0 6-3 6-4,,70,,
2022-06-27,Wimbledon,G,5,G,false,R64,Novak Djokovic,1,Serbia,SRB,3,2,2368,Thanasi Kokkinakis,,Australia,AUS,79,-2,1908,6-1 6-4 6-2,,70,,
2022-06-27,Wimbledon,G,5,G,false,R128,Novak Djokovic,1,Serbia,SRB,3,1,2367,Soon Woo Kwon,,"Korea, Republic of",KOR,81,-2,1838,6-3 3-6 6-3 6-4,,70,,
2022-05-22,Roland Garros,G,5,C,false,QF,Rafael Nadal,5,Spain,ESP,5,14,2371,Novak Djokovic,1,Serbia,SRB,1,-14,2381,6-2 4-6 6-2 7-6(4),,37,,
2022-05-22,Roland Garros,G,5,C,false,R16,Novak Djokovic,1,Serbia,SRB,1,3,2378,Diego Sebastian Schwartzman,15,Argentina,ARG,16,-3,2054,6-1 6-3 6-3,,37,,
2022-05-22,Roland Garros,G,5,C,false,R32,Novak Djokovic,1,Serbia,SRB,1,1,2377,Aljaz Bedene,,Slovenia,SLO,175,-2,1878,6-3 6-3 6-2,PR,37,,
2022-05-22,Roland Garros,G,5,C,false,R64,Novak Djokovic,1,Serbia,SRB,1,2,2375,Alex Molcan,,Slovakia,SVK,47,-2,1920,6-2 6-3 7-6(4),,37,,
2022-05-22,Roland Garros,G,5,C,false,R128,Novak Djokovic,1,Serbia,SRB,1,1,2374,Yoshihito Nishioka,,Japan,JPN,94,-1,1814,6-3 6-1 6-0,,37,,
2021-08-30,US Open,G,5,H,false,F,Daniil Medvedev,2,Russian Federation,RUS,2,23,2266,Novak Djokovic,1,Serbia,SRB,1,-23,2424,6-4 6-4 6-4,,72,,
2021-08-30,US Open,G,5,H,false,SF,Novak Djokovic,1,Serbia,SRB,1,9,2415,Alexander Zverev,4,Germany,GER,4,-9,2270,4-6 6-2 6-4 4-6 6-2,,72,,
2021-08-30,US Open,G,5,H,false,QF,Novak Djokovic,1,Serbia,SRB,1,5,2410,Matteo Berrettini,6,Italy,ITA,8,-6,2179,5-7 6-2 6-2 6-3,,72,,
2021-08-30,US Open,G,5,H,false,R16,Novak Djokovic,1,Serbia,SRB,1,2,2408,Jenson Brooksby,,United States,USA,99,-2,1897,1-6 6-3 6-2 6-2,WC,72,,
2021-08-30,US Open,G,5,H,false,R32,Novak Djokovic,1,Serbia,SRB,1,3,2405,Kei Nishikori,,Japan,JPN,56,-3,2077,6-7(4) 6-3 6-3 6-2,,72,,
2021-08-30,US Open,G,5,H,false,R64,Novak Djokovic,1,Serbia,SRB,1,1,2404,Tallon Griekspoor,,Netherlands,NED,121,-1,1763,6-2 6-3 6-2,,72,,
2021-08-30,US Open,G,5,H,false,R128,Novak Djokovic,1,Serbia,SRB,1,,2404,Holger Vitus Nodskov Rune,,Denmark,DEN,145,-1,1702,6-1 6-7(5) 6-2 6-1,Q,72,,
2021-06-28,Wimbledon,G,5,G,false,F,Novak Djokovic,1,Serbia,SRB,1,6,2429,Matteo Berrettini,7,Italy,ITA,9,-6,2178,6-7(4) 6-4 6-4 6-3,,69,,
2021-06-28,Wimbledon,G,5,G,false,SF,Novak Djokovic,1,Serbia,SRB,1,3,2426,Denis Shapovalov,10,Canada,CAN,12,-3,2060,7-6(3) 7-5 7-5,,69,,
2021-06-28,Wimbledon,G,5,G,false,QF,Novak Djokovic,1,Serbia,SRB,1,2,2424,Marton Fucsovics,,Hungary,HUN,48,-3,2021,6-3 6-4 6-4,,69,,
2021-06-28,Wimbledon,G,5,G,false,R16,Novak Djokovic,1,Serbia,SRB,1,3,2421,Christian Garin,17,Chile,CHI,20,-2,2012,6-2 6-4 6-2,,69,,
2021-06-28,Wimbledon,G,5,G,false,R32,Novak Djokovic,1,Serbia,SRB,1,,2421,Denis Kudla,,United States,USA,114,-1,1846,6-4 6-3 7-6(7),Q,69,,
2021-06-28,Wimbledon,G,5,G,false,R64,Novak Djokovic,1,Serbia,SRB,1,3,2418,Kevin Anderson,,South Africa,RSA,102,-3,2027,6-3 6-3 6-3,,69,,
2021-06-28,Wimbledon,G,5,G,false,R128,Novak Djokovic,1,Serbia,SRB,1,,2418,Jack Draper,,United Kingdom,GBR,253,-1,1747,4-6 6-1 6-2 6-2,WC,69,,
2021-05-30,Roland Garros,G,5,C,false,F,Novak Djokovic,1,Serbia,SRB,1,10,2408,Stefanos Tsitsipas,5,Greece,GRE,5,-9,2267,6-7(6) 2-6 6-3 6-2 6-4,,38,,
2021-05-30,Roland Garros,G,5,C,false,SF,Novak Djokovic,1,Serbia,SRB,1,14,2394,Rafael Nadal,3,Spain,ESP,3,-14,2388,3-6 6-3 7-6(4) 6-2,,38,,
2021-05-30,Roland Garros,G,5,C,false,QF,Novak Djokovic,1,Serbia,SRB,1,5,2389,Matteo Berrettini,9,Italy,ITA,9,-5,2119,6-3 6-2 6-7(5) 7-5,,38,,
2021-05-30,Roland Garros,G,5,C,false,R16,Novak Djokovic,1,Serbia,SRB,1,2,2387,Lorenzo Musetti,,Italy,ITA,76,-3,1945,6-7(9) 6-7(7) 6-1 6-0 4-0 RET,,38,RET,
2021-05-30,Roland Garros,G,5,C,false,R32,Novak Djokovic,1,Serbia,SRB,1,1,2386,Ricardas Berankis,,Lithuania,LTU,92,-2,1874,6-1 6-4 6-1,,38,,
2021-05-30,Roland Garros,G,5,C,false,R64,Novak Djokovic,1,Serbia,SRB,1,1,2385,Pablo Cuevas,,Uruguay,URU,91,-1,1890,6-3 6-2 6-4,,38,,
2021-05-30,Roland Garros,G,5,C,false,R128,Novak Djokovic,1,Serbia,SRB,1,1,2384,Tennys Sandgren,,United States,USA,66,-1,1827,6-2 6-4 6-2,,38,,
2021-02-08,Australian Open,G,5,H,false,F,Novak Djokovic,1,Serbia,SRB,1,11,2405,Daniil Medvedev,4,Russian Federation,RUS,4,-11,2300,7-5 6-2 6-2,,65,,
2021-02-08,Australian Open,G,5,H,false,SF,Novak Djokovic,1,Serbia,SRB,1,1,2404,Aslan Karatsev,,Russian Federation,RUS,114,-2,1875,6-3 6-4 6-2,Q,65,,
2021-02-08,Australian Open,G,5,H,false,QF,Novak Djokovic,1,Serbia,SRB,1,7,2397,Alexander Zverev,6,Germany,GER,7,-6,2187,6-7(6) 6-2 6-4 7-6(6),,65,,
2021-02-08,Australian Open,G,5,H,false,R16,Novak Djokovic,1,Serbia,SRB,1,4,2393,Milos Raonic,14,Canada,CAN,14,-4,2111,7-6(4) 4-6 6-1 6-4,,65,,
2021-02-08,Australian Open,G,5,H,false,R32,Novak Djokovic,1,Serbia,SRB,1,2,2391,Taylor Harry Fritz,27,United States,USA,31,-2,1932,7-6(1) 6-4 3-6 4-6 6-2,,65,,
2021-02-08,Australian Open,G,5,H,false,R64,Novak Djokovic,1,Serbia,SRB,1,1,2390,Frances Tiafoe,,United States,USA,64,-2,1920,6-3 6-7(3) 7-6(2) 6-3,,65,,
2021-02-08,Australian Open,G,5,H,false,R128,Novak Djokovic,1,Serbia,SRB,1,2,2388,Jeremy Chardy,,France,FRA,61,-2,1962,6-3 6-1 6-2,,65,,
2020-09-28,Roland Garros,G,5,C,false,F,Rafael Nadal,1,Spain,ESP,2,18,2394,Novak Djokovic,2,Serbia,SRB,1,-18,2442,6-0 6-2 7-5,,30,,
2020-09-28,Roland Garros,G,5,C,false,SF,Novak Djokovic,1,Serbia,SRB,1,5,2437,Stefanos Tsitsipas,5,Greece,GRE,6,-5,2181,6-3 6-2 5-7 4-6 6-1,,30,,
2020-09-28,Roland Garros,G,5,C,false,QF,Novak Djokovic,1,Serbia,SRB,1,3,2434,Pablo Carreno Busta,17,Spain,ESP,18,-3,2077,4-6 6-2 6-3 6-4,,30,,
2020-09-28,Roland Garros,G,5,C,false,R16,Novak Djokovic,1,Serbia,SRB,1,2,2432,Karen Khachanov,15,Russian Federation,RUS,16,-2,2029,6-4 6-3 6-3,,30,,
2020-09-28,Roland Garros,G,5,C,false,R32,Novak Djokovic,1,Serbia,SRB,1,1,2431,Daniel Elahi Galan Riveros,,Colombia,COL,153,-1,1817,6-0 6-3 6-2,LL,30,,
2020-09-28,Roland Garros,G,5,C,false,R64,Novak Djokovic,1,Serbia,SRB,1,1,2430,Ricardas Berankis,,Lithuania,LTU,66,-1,1866,6-1 6-2 6-2,,30,,
2020-09-28,Roland Garros,G,5,C,false,R128,Novak Djokovic,1,Serbia,SRB,1,1,2429,Mikael Ymer,,Sweden,SWE,80,-2,1827,6-0 6-2 6-3,,30,,
2020-08-31,US Open,G,5,H,false,R16,Pablo Carreno Busta,20,Spain,ESP,27,25,2015,Novak Djokovic,1,Serbia,SRB,1,-24,2446,6-5 DEF,,65,DEF,
2020-08-31,US Open,G,5,H,false,R32,Novak Djokovic,1,Serbia,SRB,1,3,2443,Jan Lennard Struff,28,Germany,GER,29,-2,2032,6-3 6-3 6-1,,65,,
2020-08-31,US Open,G,5,H,false,R64,Novak Djokovic,1,Serbia,SRB,1,1,2442,Kyle Edmund,,United Kingdom,GBR,44,-2,1987,6-7(5) 6-3 6-4 6-2,,65,,
2020-08-31,US Open,G,5,H,false,R128,Novak Djokovic,1,Serbia,SRB,1,1,2441,Damir Dzumhur,,Bosnia and Herzegovina,BIH,109,-1,1809,6-1 6-4 6-1,,65,,
2020-01-20,Australian Open,G,5,H,false,F,Novak Djokovic,2,Serbia,SRB,2,9,2413,Dominic Thiem,5,Austria,AUT,5,-9,2239,6-4 4-6 2-6 6-3 6-4,,71,,
2020-01-20,Australian Open,G,5,H,false,SF,Novak Djokovic,2,Serbia,SRB,2,11,2402,Roger Federer,3,Switzerland,SUI,3,-12,2340,7-6(1) 6-4 6-3,,71,,
2020-01-20,Australian Open,G,5,H,false,QF,Novak Djokovic,2,Serbia,SRB,2,4,2398,Milos Raonic,32,Canada,CAN,35,-4,2088,6-4 6-3 7-6(1),,71,,
2020-01-20,Australian Open,G,5,H,false,R16,Novak Djokovic,2,Serbia,SRB,2,3,2395,Diego Sebastian Schwartzman,14,Argentina,ARG,14,-3,2045,6-3 6-4 6-4,,71,,
2020-01-20,Australian Open,G,5,H,false,R32,Novak Djokovic,2,Serbia,SRB,2,3,2392,Yoshihito Nishioka,,Japan,JPN,71,-2,1974,6-3 6-2 6-2,,71,,
2020-01-20,Australian Open,G,5,H,false,R64,Novak Djokovic,2,Serbia,SRB,2,,2392,Tatsuma Ito,,Japan,JPN,146,-1,1714,6-1 6-4 6-2,WC,71,,
2020-01-20,Australian Open,G,5,H,false,R128,Novak Djokovic,2,Serbia,SRB,2,2,2390,Jan Lennard Struff,,Germany,GER,37,-3,1974,7-6(5) 6-2 2-6 6-1,,71,,
2019-08-26,US Open,G,5,H,false,R16,Stan Wawrinka,23,Switzerland,SUI,24,22,2087,Novak Djokovic,1,Serbia,SRB,1,-22,2400,6-4 7-5 2-1 RET,,61,RET,
2019-08-26,US Open,G,5,H,false,R32,Novak Djokovic,1,Serbia,SRB,1,1,2399,Denis Kudla,,United States,USA,111,-1,1815,6-3 6-4 6-2,,61,,
2019-08-26,US Open,G,5,H,false,R64,Novak Djokovic,1,Serbia,SRB,1,2,2397,Juan Ignacio Londero,,Argentina,ARG,56,-2,1903,6-4 7-6(3) 6-1,,61,,
2019-08-26,US Open,G,5,H,false,R128,Novak Djokovic,1,Serbia,SRB,1,,2397,Roberto Carballes Baena,,Spain,ESP,76,-1,1834,6-4 6-1 6-4,,61,,
2019-07-01,Wimbledon,G,5,G,false,F,Novak Djokovic,1,Serbia,SRB,1,16,2394,Roger Federer,2,Switzerland,SUI,3,-16,2394,7-6(5) 1-6 7-6(4) 4-6 13-12,,76,,
2019-07-01,Wimbledon,G,5,G,false,SF,Novak Djokovic,1,Serbia,SRB,1,5,2389,Roberto Bautista Agut,23,Spain,ESP,22,-6,2123,6-2 4-6 6-3 6-2,,76,,
2019-07-01,Wimbledon,G,5,G,false,QF,Novak Djokovic,1,Serbia,SRB,1,5,2384,David Goffin,21,Belgium,BEL,23,-4,2105,6-4 6-0 6-2,,76,,
2019-07-01,Wimbledon,G,5,G,false,R16,Novak Djokovic,1,Serbia,SRB,1,1,2383,Ugo Humbert,,France,FRA,66,-2,1858,6-3 6-2 6-3,,76,,
2019-07-01,Wimbledon,G,5,G,false,R32,Novak Djokovic,1,Serbia,SRB,1,1,2382,Hubert Hurkacz,,Poland,POL,48,-2,1915,7-5 6-7(5) 6-1 6-4,,76,,
2019-07-01,Wimbledon,G,5,G,false,R64,Novak Djokovic,1,Serbia,SRB,1,1,2381,Denis Kudla,,United States,USA,111,-1,1815,6-3 6-2 6-2,,76,,
2019-07-01,Wimbledon,G,5,G,false,R128,Novak Djokovic,1,Serbia,SRB,1,2,2379,Philipp Kohlschreiber,,Germany,GER,57,-2,1970,6-3 7-5 6-3,,76,,
2019-05-27,Roland Garros,G,5,C,false,SF,Dominic Thiem,4,Austria,AUT,4,22,2195,Novak Djokovic,1,Serbia,SRB,1,-22,2401,6-2 3-6 7-5 5-7 7-5,,47,,
2019-05-27,Roland Garros,G,5,C,false,QF,Novak Djokovic,1,Serbia,SRB,1,6,2395,Alexander Zverev,5,Germany,GER,5,-5,2146,7-5 6-2 6-2,,47,,
2019-05-27,Roland Garros,G,5,C,false,R16,Novak Djokovic,1,Serbia,SRB,1,2,2393,Jan Lennard Struff,,Germany,GER,45,-3,2033,6-3 6-2 6-2,,47,,
2019-05-27,Roland Garros,G,5,C,false,R32,Novak Djokovic,1,Serbia,SRB,1,1,2392,Salvatore Caruso,,Italy,ITA,147,-1,1768,6-3 6-3 6-2,Q,47,,
2019-05-27,Roland Garros,G,5,C,false,R64,Novak Djokovic,1,Serbia,SRB,1,1,2391,Henri Laaksonen,,Switzerland,SUI,104,-1,1853,6-1 6-4 6-3,LL,47,,
2019-05-27,Roland Garros,G,5,C,false,R128,Novak Djokovic,1,Serbia,SRB,1,1,2390,Hubert Hurkacz,,Poland,POL,44,-2,1883,6-4 6-2 6-2,,47,,
2019-01-14,Australian Open,G,5,H,false,F,Novak Djokovic,1,Serbia,SRB,1,16,2408,Rafael Nadal,2,Spain,ESP,2,-17,2419,6-3 6-2 6-3,,83,,
2019-01-14,Australian Open,G,5,H,false,SF,Novak Djokovic,1,Serbia,SRB,1,3,2405,Lucas Pouille,28,France,FRA,31,-3,2010,6-0 6-2 6-2,,83,,
2019-01-14,Australian Open,G,5,H,false,QF,Novak Djokovic,1,Serbia,SRB,1,7,2398,Kei Nishikori,8,Japan,JPN,9,-7,2218,6-1 4-1 RET,,83,RET,
2019-01-14,Australian Open,G,5,H,false,R16,Novak Djokovic,1,Serbia,SRB,1,4,2394,Daniil Medvedev,15,Russian Federation,RUS,19,-4,2107,6-4 6-7(5) 6-2 6-3,,83,,
2019-01-14,Australian Open,G,5,H,false,R32,Novak Djokovic,1,Serbia,SRB,1,3,2391,Denis Shapovalov,25,Canada,CAN,27,-3,1975,6-3 6-4 4-6 6-0,,83,,
2019-01-14,Australian Open,G,5,H,false,R64,Novak Djokovic,1,Serbia,SRB,1,3,2388,Jo Wilfried Tsonga,,France,FRA,177,-3,2068,6-3 7-5 6-4,WC,83,,
2019-01-14,Australian Open,G,5,H,false,R128,Novak Djokovic,1,Serbia,SRB,1,,2388,Mitchell Krueger,,United States,USA,230,-2,1672,6-3 6-2 6-2,Q,83,,
2018-08-27,US Open,G,5,H,false,F,Novak Djokovic,6,Serbia,SRB,6,12,2384,Juan Martin Del Potro,3,Argentina,ARG,3,-12,2298,6-3 7-6(4) 6-3,,61,,
2018-08-27,US Open,G,5,H,false,SF,Novak Djokovic,6,Serbia,SRB,6,8,2376,Kei Nishikori,21,Japan,JPN,19,-8,2193,6-3 6-4 6-2,,61,,
2018-08-27,US Open,G,5,H,false,QF,Novak Djokovic,6,Serbia,SRB,6,2,2374,John Millman,,Australia,AUS,55,-2,1956,6-3 6-4 6-4,,61,,
2018-08-27,US Open,G,5,H,false,R16,Novak Djokovic,6,Serbia,SRB,6,1,2373,Joao Sousa,,Portugal,POR,68,-1,1890,6-3 6-4 6-3,,61,,
2018-08-27,US Open,G,5,H,false,R32,Novak Djokovic,6,Serbia,SRB,6,4,2369,Richard Gasquet,26,France,FRA,25,-3,2034,6-2 6-3 6-3,,61,,
2018-08-27,US Open,G,5,H,false,R64,Novak Djokovic,6,Serbia,SRB,6,1,2368,Tennys Sandgren,,United States,USA,61,-1,1827,6-1 6-3 6-7(2) 6-2,,61,,
2018-08-27,US Open,G,5,H,false,R128,Novak Djokovic,6,Serbia,SRB,6,1,2367,Marton Fucsovics,,Hungary,HUN,41,-1,1888,6-3 3-6 6-4 6-0,,61,,
2018-07-02,Wimbledon,G,5,G,false,F,Novak Djokovic,12,Serbia,SRB,21,8,2341,Kevin Anderson,8,South Africa,RSA,8,-8,2130,6-2 6-2 7-6(3),,82,,
2018-07-02,Wimbledon,G,5,G,false,SF,Novak Djokovic,12,Serbia,SRB,21,18,2323,Rafael Nadal,2,Spain,ESP,1,-18,2424,6-4 3-6 7-6(9) 3-6 10-8,,82,,
2018-07-02,Wimbledon,G,5,G,false,QF,Novak Djokovic,12,Serbia,SRB,21,9,2314,Kei Nishikori,24,Japan,JPN,28,-9,2186,6-3 3-6 6-2 6-2,,82,,
2018-07-02,Wimbledon,G,5,G,false,R16,Novak Djokovic,12,Serbia,SRB,21,4,2310,Karen Khachanov,,Russian Federation,RUS,40,-4,2028,6-4 6-2 6-2,,82,,
2018-07-02,Wimbledon,G,5,G,false,R32,Novak Djokovic,12,Serbia,SRB,21,5,2305,Kyle Edmund,21,United Kingdom,GBR,17,-5,2031,4-6 6-3 6-2 6-4,,82,,
2018-07-02,Wimbledon,G,5,G,false,R64,Novak Djokovic,12,Serbia,SRB,21,2,2303,Horacio Zeballos,,Argentina,ARG,126,-2,1868,6-1 6-2 6-3,,82,,
2018-07-02,Wimbledon,G,5,G,false,R128,Novak Djokovic,12,Serbia,SRB,21,1,2302,Tennys Sandgren,,United States,USA,57,-2,1814,6-3 6-1 6-2,,82,,
2018-05-28,Roland Garros,G,5,C,false,QF,Marco Cecchinato,,Italy,ITA,72,30,1913,Novak Djokovic,20,Serbia,SRB,22,-25,2332,6-3 7-6(4) 1-6 7-6(11),,45,,
2018-05-28,Roland Garros,G,5,C,false,R16,Novak Djokovic,20,Serbia,SRB,22,4,2328,Fernando Verdasco,30,Spain,ESP,35,-4,1998,6-3 6-4 6-2,,45,,
2018-05-28,Roland Garros,G,5,C,false,R32,Novak Djokovic,20,Serbia,SRB,22,5,2323,Roberto Bautista Agut,13,Spain,ESP,13,-5,2074,6-4 6-7(6) 7-6(4) 6-2,,45,,
2018-05-28,Roland Garros,G,5,C,false,R64,Novak Djokovic,20,Serbia,SRB,22,,2323,Jaume Munar,,Spain,ESP,155,-1,1744,7-6(1) 6-4 6-4,,45,,
2018-05-28,Roland Garros,G,5,C,false,R128,Novak Djokovic,20,Serbia,SRB,22,1,2322,Rogerio Dutra Silva,,Brazil,BRA,134,-2,1764,6-3 6-4 6-4,,45,,
2018-01-15,Australian Open,G,5,H,false,R16,Hyeon Chung,,"Korea, Republic of",KOR,58,25,1998,Novak Djokovic,14,Serbia,SRB,14,-23,2420,7-6(4) 7-5 7-6(3),,65,,
2018-01-15,Australian Open,G,5,H,false,R32,Novak Djokovic,14,Serbia,SRB,14,1,2419,Albert Ramos,21,Spain,ESP,22,-1,1941,6-2 6-3 6-3,,65,,
2018-01-15,Australian Open,G,5,H,false,R64,Novak Djokovic,14,Serbia,SRB,14,4,2415,Gael Monfils,,France,FRA,39,-4,2113,4-6 6-3 6-1 6-3,,65,,
2018-01-15,Australian Open,G,5,H,false,R128,Novak Djokovic,14,Serbia,SRB,14,1,2414,Donald Young,,United States,USA,63,-1,1899,6-1 6-2 6-4,,65,,
2017-07-03,Wimbledon,G,5,G,false,QF,Tomas Berdych,11,Czech Republic,CZE,15,23,2165,Novak Djokovic,2,Serbia,SRB,4,-22,2443,7-6(2) 2-0 RET,,78,RET,
2017-07-03,Wimbledon,G,5,G,false,R16,Novak Djokovic,2,Serbia,SRB,4,1,2442,Adrian Mannarino,,France,FRA,51,-2,1948,6-2 7-6(5) 6-4,,78,,
2017-07-03,Wimbledon,G,5,G,false,R32,Novak Djokovic,2,Serbia,SRB,4,1,2441,Ernests Gulbis,,Latvia,LAT,589,-2,1898,6-4 6-1 7-6(2),,78,,
2017-07-03,Wimbledon,G,5,G,false,R64,Novak Djokovic,2,Serbia,SRB,4,1,2440,Adam Pavlasek,,Czech Republic,CZE,136,-1,1788,6-2 6-2 6-1,,78,,
2017-07-03,Wimbledon,G,5,G,false,R128,Novak Djokovic,2,Serbia,SRB,4,1,2439,Martin Klizan,,Slovakia,SVK,47,-1,1858,6-3 2-0 RET,,78,RET,
2017-05-29,Roland Garros,G,5,C,false,QF,Dominic Thiem,6,Austria,AUT,7,23,2187,Novak Djokovic,2,Serbia,SRB,2,-23,2457,7-6(5) 6-3 6-0,,45,,
2017-05-29,Roland Garros,G,5,C,false,R16,Novak Djokovic,2,Serbia,SRB,2,2,2455,Albert Ramos,19,Spain,ESP,20,-2,2012,7-6(5) 6-1 6-3,,45,,
2017-05-29,Roland Garros,G,5,C,false,R32,Novak Djokovic,2,Serbia,SRB,2,2,2453,Diego Sebastian Schwartzman,,Argentina,ARG,41,-2,1960,5-7 6-3 3-6 6-1 6-1,,45,,
2017-05-29,Roland Garros,G,5,C,false,R64,Novak Djokovic,2,Serbia,SRB,2,1,2452,Joao Sousa,,Portugal,POR,59,-1,1873,6-1 6-4 6-3,,45,,
2017-05-29,Roland Garros,G,5,C,false,R128,Novak Djokovic,2,Serbia,SRB,2,,2452,Marcel Granollers,,Spain,ESP,77,-1,1810,6-3 6-4 6-2,,45,,
2017-01-16,Australian Open,G,5,H,false,R64,Denis Istomin,,Uzbekistan,UZB,117,31,1860,Novak Djokovic,2,Serbia,SRB,2,-23,2539,7-6(8) 5-7 2-6 7-6(5) 6-4,,68,,
2017-01-16,Australian Open,G,5,H,false,R128,Novak Djokovic,2,Serbia,SRB,2,,2539,Fernando Verdasco,,Spain,ESP,40,-1,1973,6-1 7-6(4) 6-2,,68,,
2016-08-29,US Open,G,5,H,false,F,Stan Wawrinka,3,Switzerland,SUI,3,28,2254,Novak Djokovic,1,Serbia,SRB,1,-28,2596,6-7(1) 6-4 7-5 6-3,,47,,
2016-08-29,US Open,G,5,H,false,SF,Novak Djokovic,1,Serbia,SRB,1,3,2593,Gael Monfils,10,France,FRA,12,-2,2191,6-3 6-2 3-6 6-2,,47,,
2016-08-29,US Open,G,5,H,false,QF,Novak Djokovic,1,Serbia,SRB,1,2,2591,Jo Wilfried Tsonga,9,France,FRA,11,-2,2160,6-3 6-2 RET,,47,RET,
2016-08-29,US Open,G,5,H,false,R16,Novak Djokovic,1,Serbia,SRB,1,,2591,Kyle Edmund,,United Kingdom,GBR,84,-1,1876,6-2 6-1 6-4,,47,,
2016-08-29,US Open,G,5,H,false,R32,Novak Djokovic,1,Serbia,SRB,1,1,2590,Mikhail Youzhny,,Russian Federation,RUS,61,,1887,4-2 RET,,47,RET,
2016-08-29,US Open,G,5,H,false,R64,Novak Djokovic,1,Serbia,SRB,1,,2590,Jiri Vesely,,Czech Republic,CZE,49,,1905,W/O,,47,W/O,
2016-08-29,US Open,G,5,H,false,R128,Novak Djokovic,1,Serbia,SRB,1,1,2589,Jerzy Janowicz,,Poland,POL,247,-1,1879,6-3 5-7 6-2 6-1,,47,,
2016-06-27,Wimbledon,G,5,G,false,R32,Sam Querrey,28,United States,USA,41,28,1957,Novak Djokovic,1,Serbia,SRB,1,-25,2623,7-6(6) 6-1 3-6 7-6(5),,76,,
2016-06-27,Wimbledon,G,5,G,false,R64,Novak Djokovic,1,Serbia,SRB,1,1,2622,Adrian Mannarino,,France,FRA,55,,1918,6-4 6-3 7-6(5),,76,,
2016-06-27,Wimbledon,G,5,G,false,R128,Novak Djokovic,1,Serbia,SRB,1,,2622,James Ward,,United Kingdom,GBR,177,,1705,6-0 7-6(3) 6-4,,76,,
2016-05-23,Roland Garros,G,5,C,false,F,Novak Djokovic,1,Serbia,SRB,1,8,2614,Andy Murray,2,United Kingdom,GBR,2,-8,2426,3-6 6-1 6-2 6-4,,41,,
2016-05-23,Roland Garros,G,5,C,false,SF,Novak Djokovic,1,Serbia,SRB,1,2,2612,Dominic Thiem,13,Austria,AUT,15,-2,2165,6-2 6-1 6-4,,41,,
2016-05-23,Roland Garros,G,5,C,false,QF,Novak Djokovic,1,Serbia,SRB,1,2,2610,Tomas Berdych,7,Czech Republic,CZE,8,-2,2212,6-3 7-5 6-3,,41,,
2016-05-23,Roland Garros,G,5,C,false,R16,Novak Djokovic,1,Serbia,SRB,1,2,2608,Roberto Bautista Agut,14,Spain,ESP,16,-2,2117,3-6 6-4 6-1 7-5,,41,,
2016-05-23,Roland Garros,G,5,C,false,R32,Novak Djokovic,1,Serbia,SRB,1,,2608,Aljaz Bedene,,Slovenia,SLO,66,,1840,6-2 6-3 6-3,,41,,
2016-05-23,Roland Garros,G,5,C,false,R64,Novak Djokovic,1,Serbia,SRB,1,,2608,Steve Darcis,,Belgium,BEL,161,,1857,7-5 6-3 6-4,,41,,
2016-05-23,Roland Garros,G,5,C,false,R128,Novak Djokovic,1,Serbia,SRB,1,1,2607,Yen Hsun Lu,,"Taiwan, Province of China",TPE,95,-1,1882,6-4 6-1 6-1,,41,,
2016-01-18,Australian Open,G,5,H,false,F,Novak Djokovic,1,Serbia,SRB,1,7,2622,Andy Murray,2,United Kingdom,GBR,2,-7,2400,6-1 7-5 7-6,,75,,
2016-01-18,Australian Open,G,5,H,false,SF,Novak Djokovic,1,Serbia,SRB,1,8,2614,Roger Federer,3,Switzerland,SUI,3,-8,2450,6-1 6-2 3-6 6-3,,75,,
2016-01-18,Australian Open,G,5,H,false,QF,Novak Djokovic,1,Serbia,SRB,1,3,2611,Kei Nishikori,7,Japan,JPN,7,-4,2252,6-3 6-2 6-4,,75,,
2016-01-18,Australian Open,G,5,H,false,R16,Novak Djokovic,1,Serbia,SRB,1,1,2610,Gilles Simon,14,France,FRA,15,-1,2086,6-3 6-7 6-4 4-6 6-3,,75,,
2016-01-18,Australian Open,G,5,H,false,R32,Novak Djokovic,1,Serbia,SRB,1,1,2609,Andreas Seppi,28,Italy,ITA,29,-1,1973,6-1 7-5 7-6,,75,,
2016-01-18,Australian Open,G,5,H,false,R64,Novak Djokovic,1,Serbia,SRB,1,,2609,Quentin Halys,,France,FRA,187,-1,1729,6-1 6-2 7-6,,75,,
2016-01-18,Australian Open,G,5,H,false,R128,Novak Djokovic,1,Serbia,SRB,1,,2609,Hyeon Chung,,"Korea, Republic of",KOR,52,,1838,6-3 6-2 6-4,,75,,
2015-08-31,US Open,G,5,H,false,F,Novak Djokovic,1,Serbia,SRB,1,11,2561,Roger Federer,2,Switzerland,SUI,2,-12,2458,6-4 5-7 6-4 6-4,,68,,
2015-08-31,US Open,G,5,H,false,SF,Novak Djokovic,1,Serbia,SRB,1,3,2558,Marin Cilic,9,Croatia,CRO,9,-3,2160,6-0 6-1 6-2,,68,,
2015-08-31,US Open,G,5,H,false,QF,Novak Djokovic,1,Serbia,SRB,1,1,2557,Feliciano Lopez,18,Spain,ESP,19,-2,2036,6-1 3-6 6-3 7-6(2),,68,,
2015-08-31,US Open,G,5,H,false,R16,Novak Djokovic,1,Serbia,SRB,1,1,2556,Roberto Bautista Agut,23,Spain,ESP,23,-1,2044,6-3 4-6 6-4 6-3,,68,,
2015-08-31,US Open,G,5,H,false,R32,Novak Djokovic,1,Serbia,SRB,1,1,2555,Andreas Seppi,25,Italy,ITA,25,-1,1999,6-3 7-5 7-5,,68,,
2015-08-31,US Open,G,5,H,false,R64,Novak Djokovic,1,Serbia,SRB,1,1,2554,Andreas Haider Maurer,,Austria,AUT,52,-1,1835,6-4 6-1 6-2,,68,,
2015-08-31,US Open,G,5,H,false,R128,Novak Djokovic,1,Serbia,SRB,1,,2554,Joao Souza,,Brazil,BRA,91,-1,1630,6-1 6-1 6-1,,68,,
2015-06-29,Wimbledon,G,5,G,false,F,Novak Djokovic,1,Serbia,SRB,1,9,2574,Roger Federer,2,Switzerland,SUI,2,-9,2412,7-6(1) 6-7(10) 6-4 6-3,,86,,
2015-06-29,Wimbledon,G,5,G,false,SF,Novak Djokovic,1,Serbia,SRB,1,3,2571,Richard Gasquet,21,France,FRA,20,-3,2167,7-6(2) 6-4 6-4,,86,,
2015-06-29,Wimbledon,G,5,G,false,QF,Novak Djokovic,1,Serbia,SRB,1,2,2569,Marin Cilic,9,Croatia,CRO,9,-2,2143,6-4 6-4 6-4,,86,,
2015-06-29,Wimbledon,G,5,G,false,R16,Novak Djokovic,1,Serbia,SRB,1,2,2567,Kevin Anderson,14,South Africa,RSA,14,-2,2106,6-7(6) 6-7(6) 6-1 6-4 7-5,,86,,
2015-06-29,Wimbledon,G,5,G,false,R32,Novak Djokovic,1,Serbia,SRB,1,1,2566,Bernard Tomic,27,Australia,AUS,26,-1,1970,6-3 6-3 6-3,,86,,
2015-06-29,Wimbledon,G,5,G,false,R64,Novak Djokovic,1,Serbia,SRB,1,,2566,Jarkko Nieminen,,Finland,FIN,92,-1,1868,6-4 6-2 6-3,,86,,
2015-06-29,Wimbledon,G,5,G,false,R128,Novak Djokovic,1,Serbia,SRB,1,1,2565,Philipp Kohlschreiber,,Germany,GER,33,-1,2002,6-4 6-4 6-4,,86,,
2015-05-24,Roland Garros,G,5,C,false,F,Stan Wawrinka,8,Switzerland,SUI,9,28,2246,Novak Djokovic,1,Serbia,SRB,1,-28,2593,4-6 6-4 6-3 6-4,,46,,
2015-05-24,Roland Garros,G,5,C,false,SF,Novak Djokovic,1,Serbia,SRB,1,6,2587,Andy Murray,3,United Kingdom,GBR,3,-7,2370,6-3 6-3 5-7 5-7 6-1,,46,,
2015-05-24,Roland Garros,G,5,C,false,QF,Novak Djokovic,1,Serbia,SRB,1,6,2581,Rafael Nadal,6,Spain,ESP,7,-5,2342,7-5 6-3 6-1,,46,,
2015-05-24,Roland Garros,G,5,C,false,R16,Novak Djokovic,1,Serbia,SRB,1,1,2580,Richard Gasquet,20,France,FRA,21,-1,2126,6-1 6-2 6-3,,46,,
2015-05-24,Roland Garros,G,5,C,false,R32,Novak Djokovic,1,Serbia,SRB,1,1,2579,Thanasi Kokkinakis,,Australia,AUS,84,,1829,6-4 6-4 6-4,WC,46,,
2015-05-24,Roland Garros,G,5,C,false,R64,Novak Djokovic,1,Serbia,SRB,1,,2579,Gilles Muller,,Luxembourg,LUX,55,,1938,6-1 6-4 6-4,,46,,
2015-05-24,Roland Garros,G,5,C,false,R128,Novak Djokovic,1,Serbia,SRB,1,1,2578,Jarkko Nieminen,,Finland,FIN,87,,1876,6-2 7-5 6-2,,46,,
2015-01-19,Australian Open,G,5,H,false,F,Novak Djokovic,1,Serbia,SRB,1,8,2529,Andy Murray,6,United Kingdom,GBR,6,-7,2331,7-6(5) 6-7(4) 6-3 6-0,,72,,
2015-01-19,Australian Open,G,5,H,false,SF,Novak Djokovic,1,Serbia,SRB,1,5,2524,Stan Wawrinka,4,Switzerland,SUI,4,-5,2232,7-6(1) 3-6 6-4 4-6 6-0,,72,,
2015-01-19,Australian Open,G,5,H,false,QF,Novak Djokovic,1,Serbia,SRB,1,3,2521,Milos Raonic,8,Canada,CAN,8,-4,2202,7-6(5) 6-4 6-2,,72,,
2015-01-19,Australian Open,G,5,H,false,R16,Novak Djokovic,1,Serbia,SRB,1,1,2520,Gilles Muller,,Luxembourg,LUX,42,-2,1961,6-4 7-5 7-5,,72,,
2015-01-19,Australian Open,G,5,H,false,R32,Novak Djokovic,1,Serbia,SRB,1,1,2519,Fernando Verdasco,31,Spain,ESP,33,-2,1995,7-6(8) 6-3 6-4,,72,,
2015-01-19,Australian Open,G,5,H,false,R64,Novak Djokovic,1,Serbia,SRB,1,1,2518,Andrey Kuznetsov,,Russian Federation,RUS,88,-1,1867,6-0 6-1 6-4,,72,,
2015-01-19,Australian Open,G,5,H,false,R128,Novak Djokovic,1,Serbia,SRB,1,,2518,Aljaz Bedene,,Slovenia,SLO,116,-1,1839,6-3 6-2 6-4,Q,72,,
2014-08-25,US Open,G,5,H,false,SF,Kei Nishikori,10,Japan,JPN,11,25,2205,Novak Djokovic,1,Serbia,SRB,1,-25,2527,6-4 1-6 7-6(4) 6-3,,64,,
2014-08-25,US Open,G,5,H,false,QF,Novak Djokovic,1,Serbia,SRB,1,6,2521,Andy Murray,8,United Kingdom,GBR,9,-5,2285,7-6(1) 6-7(1) 6-2 6-4,,64,,
2014-08-25,US Open,G,5,H,false,R16,Novak Djokovic,1,Serbia,SRB,1,1,2520,Philipp Kohlschreiber,22,Germany,GER,25,-2,2028,6-1 7-5 6-4,,64,,
2014-08-25,US Open,G,5,H,false,R32,Novak Djokovic,1,Serbia,SRB,1,1,2519,Sam Querrey,,United States,USA,57,-2,1983,6-3 6-2 6-2,,64,,
2014-08-25,US Open,G,5,H,false,R64,Novak Djokovic,1,Serbia,SRB,1,1,2518,Paul Henri Mathieu,,France,FRA,81,-1,1841,6-1 6-3 6-0,,64,,
2014-08-25,US Open,G,5,H,false,R128,Novak Djokovic,1,Serbia,SRB,1,,2518,Diego Sebastian Schwartzman,,Argentina,ARG,79,-1,1747,6-1 6-2 6-4,,64,,
2014-06-23,Wimbledon,G,5,G,false,F,Novak Djokovic,1,Serbia,SRB,2,8,2544,Roger Federer,4,Switzerland,SUI,4,-8,2357,6-7(7) 6-4 7-6(4) 5-7 6-4,,89,,
2014-06-23,Wimbledon,G,5,G,false,SF,Novak Djokovic,1,Serbia,SRB,2,4,2540,Grigor Dimitrov,11,Bulgaria,BUL,13,-3,2198,6-4 3-6 7-6(2) 7-6(7),,89,,
2014-06-23,Wimbledon,G,5,G,false,QF,Novak Djokovic,1,Serbia,SRB,2,2,2538,Marin Cilic,26,Croatia,CRO,29,-3,2155,6-1 3-6 6-7(4) 6-2 6-2,,89,,
2014-06-23,Wimbledon,G,5,G,false,R16,Novak Djokovic,1,Serbia,SRB,2,3,2535,Jo Wilfried Tsonga,14,France,FRA,17,-3,2159,6-3 6-4 7-6(5),,89,,
2014-06-23,Wimbledon,G,5,G,false,R32,Novak Djokovic,1,Serbia,SRB,2,1,2534,Gilles Simon,,France,FRA,44,-1,1974,6-4 6-2 6-4,,89,,
2014-06-23,Wimbledon,G,5,G,false,R64,Novak Djokovic,1,Serbia,SRB,2,1,2533,Radek Stepanek,,Czech Republic,CZE,38,-1,2001,6-4 6-3 6-7(5) 7-6(5),,89,,
2014-06-23,Wimbledon,G,5,G,false,R128,Novak Djokovic,1,Serbia,SRB,2,1,2532,Andrey Golubev,,Kazakhstan,KAZ,56,,1844,6-0 6-1 6-4,,89,,
2014-05-26,Roland Garros,G,5,C,false,F,Rafael Nadal,1,Spain,ESP,1,19,2484,Novak Djokovic,2,Serbia,SRB,2,-19,2551,3-6 7-5 6-2 6-4,,40,,
2014-05-26,Roland Garros,G,5,C,false,SF,Novak Djokovic,2,Serbia,SRB,2,2,2549,Ernests Gulbis,18,Latvia,LAT,17,-3,2170,6-3 6-3 3-6 6-3,,40,,
2014-05-26,Roland Garros,G,5,C,false,QF,Novak Djokovic,2,Serbia,SRB,2,3,2546,Milos Raonic,8,Canada,CAN,9,-3,2163,7-5 7-6(5) 6-4,,40,,
2014-05-26,Roland Garros,G,5,C,false,R16,Novak Djokovic,2,Serbia,SRB,2,3,2543,Jo Wilfried Tsonga,13,France,FRA,14,-2,2158,6-1 6-4 6-1,,40,,
2014-05-26,Roland Garros,G,5,C,false,R32,Novak Djokovic,2,Serbia,SRB,2,2,2541,Marin Cilic,25,Croatia,CRO,26,-3,2139,6-3 6-2 6-7(2) 6-4,,40,,
2014-05-26,Roland Garros,G,5,C,false,R64,Novak Djokovic,2,Serbia,SRB,2,1,2540,Jeremy Chardy,,France,FRA,42,-1,1987,6-1 6-4 6-2,,40,,
2014-05-26,Roland Garros,G,5,C,false,R128,Novak Djokovic,2,Serbia,SRB,2,,2540,Joao Sousa,,Portugal,POR,44,-1,1839,6-1 6-2 6-4,,40,,
2014-01-13,Australian Open,G,5,H,false,QF,Stan Wawrinka,8,Switzerland,SUI,8,23,2225,Novak Djokovic,2,Serbia,SRB,2,-24,2541,2-6 6-4 6-2 3-6 9-7,,70,,
2014-01-13,Australian Open,G,5,H,false,R16,Novak Djokovic,2,Serbia,SRB,2,2,2539,Fabio Fognini,15,Italy,ITA,16,-1,2041,6-3 6-0 6-2,,70,,
2014-01-13,Australian Open,G,5,H,false,R32,Novak Djokovic,2,Serbia,SRB,2,1,2538,Denis Istomin,,Uzbekistan,UZB,49,-1,1960,6-3 6-3 7-5,,70,,
2014-01-13,Australian Open,G,5,H,false,R64,Novak Djokovic,2,Serbia,SRB,2,,2538,Leonardo Mayer,,Argentina,ARG,98,,1880,6-0 6-4 6-4,,70,,
2014-01-13,Australian Open,G,5,H,false,R128,Novak Djokovic,2,Serbia,SRB,2,,2538,Lukas Lacko,,Slovakia,SVK,96,-1,1818,6-3 7-6(2) 6-1,,70,,
2013-08-26,US Open,G,5,H,false,F,Rafael Nadal,2,Spain,ESP,2,13,2539,Novak Djokovic,1,Serbia,SRB,1,-13,2464,6-2 3-6 6-4 6-1,,54,,
2013-08-26,US Open,G,5,H,false,SF,Novak Djokovic,1,Serbia,SRB,1,5,2459,Stan Wawrinka,9,Switzerland,SUI,10,-5,2195,2-6 7-6(4) 3-6 6-3 6-4,,54,,
2013-08-26,US Open,G,5,H,false,QF,Novak Djokovic,1,Serbia,SRB,1,3,2456,Mikhail Youzhny,21,Russian Federation,RUS,24,-3,2113,6-3 6-2 3-6 6-0,,54,,
2013-08-26,US Open,G,5,H,false,R16,Novak Djokovic,1,Serbia,SRB,1,2,2454,Marcel Granollers,,Spain,ESP,43,-2,2005,6-3 6-0 6-0,,54,,
2013-08-26,US Open,G,5,H,false,R32,Novak Djokovic,1,Serbia,SRB,1,1,2453,Joao Sousa,,Portugal,POR,95,-1,1810,6-0 6-2 6-2,,54,,
2013-08-26,US Open,G,5,H,false,R64,Novak Djokovic,1,Serbia,SRB,1,1,2452,Benjamin Becker,,Germany,GER,87,-1,1836,7-6(2) 6-2 6-2,,54,,
2013-08-26,US Open,G,5,H,false,R128,Novak Djokovic,1,Serbia,SRB,1,,2452,Ricardas Berankis,,Lithuania,LTU,112,-1,1860,6-1 6-2 6-2,,54,,
2013-06-24,Wimbledon,G,5,G,false,F,Andy Murray,2,United Kingdom,GBR,2,21,2384,Novak Djokovic,1,Serbia,SRB,1,-21,2496,6-4 7-5 6-4,,82,,
2013-06-24,Wimbledon,G,5,G,false,SF,Novak Djokovic,1,Serbia,SRB,1,7,2489,Juan Martin Del Potro,8,Argentina,ARG,8,-7,2289,7-5 4-6 7-6(2) 6-7(6) 6-3,,82,,
2013-06-24,Wimbledon,G,5,G,false,QF,Novak Djokovic,1,Serbia,SRB,1,5,2484,Tomas Berdych,7,Czech Republic,CZE,6,-6,2247,7-6(5) 6-4 6-3,,82,,
2013-06-24,Wimbledon,G,5,G,false,R16,Novak Djokovic,1,Serbia,SRB,1,4,2480,Tommy Haas,13,Germany,GER,13,-4,2150,6-1 6-4 7-6(4),,82,,
2013-06-24,Wimbledon,G,5,G,false,R32,Novak Djokovic,1,Serbia,SRB,1,1,2479,Jeremy Chardy,28,France,FRA,25,-2,1976,6-3 6-2 6-2,,82,,
2013-06-24,Wimbledon,G,5,G,false,R64,Novak Djokovic,1,Serbia,SRB,1,,2479,Bobby Reynolds,,United States,USA,156,,1754,7-6(2) 6-3 6-1,Q,82,,
2013-06-24,Wimbledon,G,5,G,false,R128,Novak Djokovic,1,Serbia,SRB,1,1,2478,Florian Mayer,,Germany,GER,34,-2,1926,6-3 7-5 6-4,,82,,
2013-05-27,Roland Garros,G,5,C,false,SF,Rafael Nadal,3,Spain,ESP,4,14,2506,Novak Djokovic,1,Serbia,SRB,1,-13,2491,6-4 3-6 6-1 6-7(3) 9-7,,42,,
2013-05-27,Roland Garros,G,5,C,false,QF,Novak Djokovic,1,Serbia,SRB,1,3,2488,Tommy Haas,12,Germany,GER,14,-3,2126,6-3 7-6(5) 7-5,,42,,
2013-05-27,Roland Garros,G,5,C,false,R16,Novak Djokovic,1,Serbia,SRB,1,1,2487,Philipp Kohlschreiber,16,Germany,GER,19,-1,2036,4-6 6-3 6-4 6-4,,42,,
2013-05-27,Roland Garros,G,5,C,false,R32,Novak Djokovic,1,Serbia,SRB,1,2,2485,Grigor Dimitrov,26,Bulgaria,BUL,28,-2,2034,6-2 6-2 6-3,,42,,
2013-05-27,Roland Garros,G,5,C,false,R64,Novak Djokovic,1,Serbia,SRB,1,1,2484,Guido Pella,,Argentina,ARG,83,,1827,6-2 6-0 6-2,,42,,
2013-05-27,Roland Garros,G,5,C,false,R128,Novak Djokovic,1,Serbia,SRB,1,,2484,David Goffin,,Belgium,BEL,58,-1,1834,7-6(5) 6-4 7-5,,42,,
2013-01-14,Australian Open,G,5,H,false,F,Novak Djokovic,1,Serbia,SRB,1,11,2508,Andy Murray,3,United Kingdom,GBR,3,-11,2398,6-7(2) 7-6(3) 6-3 6-2,,62,,
2013-01-14,Australian Open,G,5,H,false,SF,Novak Djokovic,1,Serbia,SRB,1,8,2500,David Ferrer,4,Spain,ESP,5,-8,2346,6-2 6-2 6-1,,62,,
2013-01-14,Australian Open,G,5,H,false,QF,Novak Djokovic,1,Serbia,SRB,1,5,2495,Tomas Berdych,5,Czech Republic,CZE,6,-5,2236,6-1 4-6 6-1 6-4,,62,,
2013-01-14,Australian Open,G,5,H,false,R16,Novak Djokovic,1,Serbia,SRB,1,3,2492,Stan Wawrinka,15,Switzerland,SUI,17,-3,2124,1-6 7-5 6-4 6-7(5) 12-10,,62,,
2013-01-14,Australian Open,G,5,H,false,R32,Novak Djokovic,1,Serbia,SRB,1,1,2491,Radek Stepanek,31,Czech Republic,CZE,34,-1,2029,6-4 6-3 7-5,,62,,
2013-01-14,Australian Open,G,5,H,false,R64,Novak Djokovic,1,Serbia,SRB,1,1,2490,Ryan Harrison,,United States,USA,62,-1,1908,6-1 6-2 6-3,,62,,
2013-01-14,Australian Open,G,5,H,false,R128,Novak Djokovic,1,Serbia,SRB,1,1,2489,Paul Henri Mathieu,,France,FRA,60,-1,1894,6-2 6-4 7-5,,62,,
2012-08-27,US Open,G,5,H,false,F,Andy Murray,3,United Kingdom,GBR,4,20,2371,Novak Djokovic,2,Serbia,SRB,2,-20,2466,7-6(10) 7-5 2-6 3-6 6-2,,60,,
2012-08-27,US Open,G,5,H,false,SF,Novak Djokovic,2,Serbia,SRB,2,9,2457,David Ferrer,4,Spain,ESP,5,-9,2311,2-6 6-1 6-4 6-2,,60,,
2012-08-27,US Open,G,5,H,false,QF,Novak Djokovic,2,Serbia,SRB,2,8,2449,Juan Martin Del Potro,7,Argentina,ARG,8,-8,2297,6-2 7-6(3) 6-4,,60,,
2012-08-27,US Open,G,5,H,false,R16,Novak Djokovic,2,Serbia,SRB,2,3,2446,Stan Wawrinka,18,Switzerland,SUI,19,-4,2125,6-4 6-1 3-1 RET,,60,RET,
2012-08-27,US Open,G,5,H,false,R32,Novak Djokovic,2,Serbia,SRB,2,2,2444,Julien Benneteau,31,France,FRA,35,-2,1977,6-3 6-2 6-2,,60,,
2012-08-27,US Open,G,5,H,false,R64,Novak Djokovic,2,Serbia,SRB,2,,2444,Rogerio Dutra Silva,,Brazil,BRA,112,-1,1770,6-2 6-1 6-2,,60,,
2012-08-27,US Open,G,5,H,false,R128,Novak Djokovic,2,Serbia,SRB,2,1,2443,Paolo Lorenzi,,Italy,ITA,69,-1,1721,6-1 6-0 6-1,,60,,
2012-06-25,Wimbledon,G,5,G,false,SF,Roger Federer,3,Switzerland,SUI,3,16,2438,Novak Djokovic,1,Serbia,SRB,1,-16,2469,6-3 3-6 6-4 6-3,,80,,
2012-06-25,Wimbledon,G,5,G,false,QF,Novak Djokovic,1,Serbia,SRB,1,2,2467,Florian Mayer,31,Germany,GER,29,-2,2008,6-4 6-1 6-4,,80,,
2012-06-25,Wimbledon,G,5,G,false,R16,Novak Djokovic,1,Serbia,SRB,1,2,2465,Viktor Troicki,,Serbia,SRB,34,-2,2012,6-3 6-1 6-3,,80,,
2012-06-25,Wimbledon,G,5,G,false,R32,Novak Djokovic,1,Serbia,SRB,1,1,2464,Radek Stepanek,28,Czech Republic,CZE,27,-2,1965,4-6 6-2 6-2 6-2,,80,,
2012-06-25,Wimbledon,G,5,G,false,R64,Novak Djokovic,1,Serbia,SRB,1,1,2463,Ryan Harrison,,United States,USA,48,-1,1911,6-4 6-4 6-4,,80,,
2012-06-25,Wimbledon,G,5,G,false,R128,Novak Djokovic,1,Serbia,SRB,1,2,2461,Juan Carlos Ferrero,,Spain,ESP,38,-1,1991,6-3 6-3 6-1,,80,,
2012-05-27,Roland Garros,G,5,C,false,F,Rafael Nadal,2,Spain,ESP,2,17,2462,Novak Djokovic,1,Serbia,SRB,1,-17,2478,6-4 6-3 2-6 7-5,,40,,
2012-05-27,Roland Garros,G,5,C,false,SF,Novak Djokovic,1,Serbia,SRB,1,14,2464,Roger Federer,3,Switzerland,SUI,3,-14,2458,6-4 7-5 6-3,,40,,
2012-05-27,Roland Garros,G,5,C,false,QF,Novak Djokovic,1,Serbia,SRB,1,5,2459,Jo Wilfried Tsonga,5,France,FRA,5,-5,2212,6-1 5-7 5-7 7-6(6) 6-1,,40,,
2012-05-27,Roland Garros,G,5,C,false,R16,Novak Djokovic,1,Serbia,SRB,1,2,2457,Andreas Seppi,22,Italy,ITA,25,-2,2025,4-6 6-7(5) 6-3 7-5 6-3,,40,,
2012-05-27,Roland Garros,G,5,C,false,R32,Novak Djokovic,1,Serbia,SRB,1,1,2456,Nicolas Devilder,,France,FRA,286,,1749,6-1 6-2 6-2,Q,40,,
2012-05-27,Roland Garros,G,5,C,false,R64,Novak Djokovic,1,Serbia,SRB,1,,2456,Blaz Kavcic,,Slovenia,SLO,99,-1,1796,6-0 6-4 6-4,,40,,
2012-05-27,Roland Garros,G,5,C,false,R128,Novak Djokovic,1,Serbia,SRB,1,1,2455,Potito Starace,,Italy,ITA,97,-1,1807,7-6(3) 6-3 6-1,,40,,
2012-01-16,Australian Open,G,5,H,false,F,Novak Djokovic,1,Serbia,SRB,1,13,2467,Rafael Nadal,2,Spain,ESP,2,-13,2407,5-7 6-4 6-2 6-7(5) 7-5,,46,,
2012-01-16,Australian Open,G,5,H,false,SF,Novak Djokovic,1,Serbia,SRB,1,10,2457,Andy Murray,4,United Kingdom,GBR,4,-10,2359,6-3 3-6 6-7(4) 6-1 7-5,,46,,
2012-01-16,Australian Open,G,5,H,false,QF,Novak Djokovic,1,Serbia,SRB,1,7,2450,David Ferrer,5,Spain,ESP,5,-6,2255,6-4 7-6(4) 6-1,,46,,
2012-01-16,Australian Open,G,5,H,false,R16,Novak Djokovic,1,Serbia,SRB,1,2,2448,Lleyton Hewitt,,Australia,AUS,181,-2,2025,6-1 6-3 4-6 6-3,WC,46,,
2012-01-16,Australian Open,G,5,H,false,R32,Novak Djokovic,1,Serbia,SRB,1,1,2447,Nicolas Mahut,,France,FRA,81,-1,1888,6-0 6-1 6-1,,46,,
2012-01-16,Australian Open,G,5,H,false,R64,Novak Djokovic,1,Serbia,SRB,1,1,2446,Santiago Giraldo,,Colombia,COL,56,-2,1929,6-3 6-2 6-1,,46,,
2012-01-16,Australian Open,G,5,H,false,R128,Novak Djokovic,1,Serbia,SRB,1,1,2445,Paolo Lorenzi,,Italy,ITA,109,-1,1732,6-2 6-0 6-0,,46,,
2011-08-29,US Open,G,5,H,false,F,Novak Djokovic,1,Serbia,SRB,1,12,2510,Rafael Nadal,2,Spain,ESP,2,-13,2435,6-2 6-4 6-7(3) 6-1,,49,,
2011-08-29,US Open,G,5,H,false,SF,Novak Djokovic,1,Serbia,SRB,1,10,2500,Roger Federer,3,Switzerland,SUI,3,-9,2370,6-7(7) 4-6 6-3 6-2 7-5,,49,,
2011-08-29,US Open,G,5,H,false,QF,Novak Djokovic,1,Serbia,SRB,1,2,2498,Janko Tipsarevic,20,Serbia,SRB,20,-2,2061,7-6(2) 6-7(3) 6-0 3-0 RET,,49,RET,
2011-08-29,US Open,G,5,H,false,R16,Novak Djokovic,1,Serbia,SRB,1,1,2497,Alexandr Dolgopolov,22,Ukraine,UKR,23,-2,1999,7-6(14) 6-4 6-2,,49,,
2011-08-29,US Open,G,5,H,false,R32,Novak Djokovic,1,Serbia,SRB,1,1,2496,Nikolay Davydenko,,Russian Federation,RUS,39,-2,2006,6-3 6-4 6-2,,49,,
2011-08-29,US Open,G,5,H,false,R64,Novak Djokovic,1,Serbia,SRB,1,1,2495,Carlos Berlocq,,Argentina,ARG,74,,1823,6-0 6-0 6-2,,49,,
2011-08-29,US Open,G,5,H,false,R128,Novak Djokovic,1,Serbia,SRB,1,,2495,Conor Niland,,Ireland,IRL,197,,1719,6-0 5-1 RET,Q,49,RET,
2011-06-20,Wimbledon,G,5,G,false,F,Novak Djokovic,2,Serbia,SRB,2,15,2482,Rafael Nadal,1,Spain,ESP,1,-15,2461,6-4 6-1 1-6 6-3,,80,,
2011-06-20,Wimbledon,G,5,G,false,SF,Novak Djokovic,2,Serbia,SRB,2,4,2478,Jo Wilfried Tsonga,12,France,FRA,19,-4,2152,7-6(4) 6-2 6-7(9) 6-3,,80,,
2011-06-20,Wimbledon,G,5,G,false,QF,Novak Djokovic,2,Serbia,SRB,2,,2478,Bernard Tomic,,Australia,AUS,158,-1,1881,6-2 3-6 6-3 7-5,Q,80,,
2011-06-20,Wimbledon,G,5,G,false,R16,Novak Djokovic,2,Serbia,SRB,2,2,2476,Michael Llodra,19,France,FRA,35,-2,2002,6-3 6-3 6-3,,80,,
2011-06-20,Wimbledon,G,5,G,false,R32,Novak Djokovic,2,Serbia,SRB,2,1,2475,Marcos Baghdatis,32,Cyprus,CYP,30,-2,1978,6-4 4-6 6-3 6-4,,80,,
2011-06-20,Wimbledon,G,5,G,false,R64,Novak Djokovic,2,Serbia,SRB,2,1,2474,Kevin Anderson,,South Africa,RSA,36,-1,1933,6-3 6-4 6-2,,80,,
2011-06-20,Wimbledon,G,5,G,false,R128,Novak Djokovic,2,Serbia,SRB,2,1,2473,Jeremy Chardy,,France,FRA,54,-1,1877,6-4 6-1 6-1,,80,,
2011-05-22,Roland Garros,G,5,C,false,SF,Roger Federer,3,Switzerland,SUI,3,19,2385,Novak Djokovic,2,Serbia,SRB,2,-19,2492,7-6(5) 6-3 3-6 7-6(5),,46,,
2011-05-22,Roland Garros,G,5,C,false,QF,Novak Djokovic,2,Serbia,SRB,2,1,2491,Fabio Fognini,,Italy,ITA,49,,1905,W/O,,46,W/O,
2011-05-22,Roland Garros,G,5,C,false,R16,Novak Djokovic,2,Serbia,SRB,2,2,2489,Richard Gasquet,13,France,FRA,16,-2,2110,6-4 6-4 6-2,,46,,
2011-05-22,Roland Garros,G,5,C,false,R32,Novak Djokovic,2,Serbia,SRB,2,6,2483,Juan Martin Del Potro,25,Argentina,ARG,26,-6,2267,6-3 3-6 6-3 6-2,,46,,
2011-05-22,Roland Garros,G,5,C,false,R64,Novak Djokovic,2,Serbia,SRB,2,1,2482,Victor Hanescu,,Romania,ROU,60,-1,1894,6-4 6-1 2-3 RET,,46,RET,
2011-05-22,Roland Garros,G,5,C,false,R128,Novak Djokovic,2,Serbia,SRB,2,1,2481,Thiemo De Bakker,,Netherlands,NED,71,,1862,6-2 6-1 6-3,,46,,
2011-01-17,Australian Open,G,5,H,false,F,Novak Djokovic,3,Serbia,SRB,3,15,2347,Andy Murray,5,United Kingdom,GBR,5,-14,2309,6-4 6-2 6-3,,55,,
2011-01-17,Australian Open,G,5,H,false,SF,Novak Djokovic,3,Serbia,SRB,3,18,2329,Roger Federer,2,Switzerland,SUI,2,-18,2432,7-6(3) 7-5 6-4,,55,,
2011-01-17,Australian Open,G,5,H,false,QF,Novak Djokovic,3,Serbia,SRB,3,7,2322,Tomas Berdych,6,Czech Republic,CZE,6,-7,2114,6-1 7-6(5) 6-1,,55,,
2011-01-17,Australian Open,G,5,H,false,R16,Novak Djokovic,3,Serbia,SRB,3,4,2318,Nicolas Almagro,14,Spain,ESP,14,-4,2057,6-3 6-4 6-0,,55,,
2011-01-17,Australian Open,G,5,H,false,R32,Novak Djokovic,3,Serbia,SRB,3,5,2313,Viktor Troicki,29,Serbia,SRB,27,-5,2065,6-2 RET,,55,RET,
2011-01-17,Australian Open,G,5,H,false,R64,Novak Djokovic,3,Serbia,SRB,3,2,2311,Ivan Dodig,,Croatia,CRO,81,-3,1857,7-5 6-7(8) 6-0 6-2,,55,,
2011-01-17,Australian Open,G,5,H,false,R128,Novak Djokovic,3,Serbia,SRB,3,2,2309,Marcel Granollers,,Spain,ESP,42,-2,1901,6-1 6-3 6-1,,55,,
2010-08-30,US Open,G,5,H,false,F,Rafael Nadal,1,Spain,ESP,1,11,2413,Novak Djokovic,3,Serbia,SRB,3,-11,2309,6-4 5-7 6-4 6-2,,65,,
2010-08-30,US Open,G,5,H,false,SF,Novak Djokovic,3,Serbia,SRB,3,17,2292,Roger Federer,2,Switzerland,SUI,2,-18,2361,5-7 6-1 5-7 6-2 7-5,,65,,
2010-08-30,US Open,G,5,H,false,QF,Novak Djokovic,3,Serbia,SRB,3,7,2285,Gael Monfils,17,France,FRA,19,-6,2083,7-6(2) 6-1 6-2,,65,,
2010-08-30,US Open,G,5,H,false,R16,Novak Djokovic,3,Serbia,SRB,3,7,2278,Mardy Fish,19,United States,USA,21,-8,2120,6-3 6-4 6-1,,65,,
2010-08-30,US Open,G,5,H,false,R32,Novak Djokovic,3,Serbia,SRB,3,3,2275,James Blake,,United States,USA,108,-4,1942,6-1 7-6(4) 6-3,WC,65,,
2010-08-30,US Open,G,5,H,false,R64,Novak Djokovic,3,Serbia,SRB,3,3,2272,Philipp Petzschner,,Germany,GER,52,-4,1912,7-5 6-3 7-6(6),,65,,
2010-08-30,US Open,G,5,H,false,R128,Novak Djokovic,3,Serbia,SRB,3,4,2268,Viktor Troicki,,Serbia,SRB,47,-4,1972,6-3 3-6 2-6 7-5 6-3,,65,,
2010-06-21,Wimbledon,G,5,G,false,SF,Tomas Berdych,12,Czech Republic,CZE,13,18,2179,Novak Djokovic,3,Serbia,SRB,3,-18,2280,6-3 7-6(9) 6-3,,88,,
2010-06-21,Wimbledon,G,5,G,false,QF,Novak Djokovic,3,Serbia,SRB,3,2,2278,Yen Hsun Lu,,"Taiwan, Province of China",TPE,82,-3,1867,6-3 6-2 6-2,,88,,
2010-06-21,Wimbledon,G,5,G,false,R16,Novak Djokovic,3,Serbia,SRB,3,8,2270,Lleyton Hewitt,15,Australia,AUS,26,-8,2130,7-5 6-4 3-6 6-4,,88,,
2010-06-21,Wimbledon,G,5,G,false,R32,Novak Djokovic,3,Serbia,SRB,3,4,2266,Albert Montanes,28,Spain,ESP,31,-5,1972,6-1 6-4 6-4,,88,,
2010-06-21,Wimbledon,G,5,G,false,R64,Novak Djokovic,3,Serbia,SRB,3,2,2264,Taylor Dent,,United States,USA,97,-2,1834,7-6(5) 6-1 6-4,Q,88,,
2010-06-21,Wimbledon,G,5,G,false,R128,Novak Djokovic,3,Serbia,SRB,3,2,2262,Olivier Rochus,,Belgium,BEL,68,-3,1840,4-6 6-2 3-6 6-4 6-2,,88,,
2010-05-24,Roland Garros,G,5,C,false,QF,Jurgen Melzer,22,Austria,AUT,27,22,2074,Novak Djokovic,3,Serbia,SRB,3,-21,2298,3-6 2-6 6-2 7-6(3) 6-4,,45,,
2010-05-24,Roland Garros,G,5,C,false,R16,Novak Djokovic,3,Serbia,SRB,3,2,2296,Robby Ginepri,,United States,USA,98,-3,1857,6-4 2-6 6-1 6-2,,45,,
2010-05-24,Roland Garros,G,5,C,false,R32,Novak Djokovic,3,Serbia,SRB,3,3,2293,Victor Hanescu,31,Romania,ROU,37,-4,1962,6-3 3-6 6-3 6-2,,45,,
2010-05-24,Roland Garros,G,5,C,false,R64,Novak Djokovic,3,Serbia,SRB,3,2,2291,Kei Nishikori,,Japan,JPN,246,-2,1861,6-1 6-4 6-4,,45,,
2010-05-24,Roland Garros,G,5,C,false,R128,Novak Djokovic,3,Serbia,SRB,3,2,2289,Evgeny Korolev,,Kazakhstan,KAZ,73,-3,1850,6-1 3-6 6-1 6-3,,45,,
2010-01-18,Australian Open,G,5,H,false,QF,Jo Wilfried Tsonga,10,France,FRA,10,21,2155,Novak Djokovic,3,Serbia,SRB,3,-21,2367,7-6(8) 6-7(5) 1-6 6-3 6-1,,52,,
2010-01-18,Australian Open,G,5,H,false,R16,Novak Djokovic,3,Serbia,SRB,3,2,2365,Lukasz Kubot,,Poland,POL,86,-2,1879,6-1 6-2 7-5,,52,,
2010-01-18,Australian Open,G,5,H,false,R32,Novak Djokovic,3,Serbia,SRB,3,1,2364,Denis Istomin,,Uzbekistan,UZB,103,-1,1846,6-1 6-1 6-2,,52,,
2010-01-18,Australian Open,G,5,H,false,R64,Novak Djokovic,3,Serbia,SRB,3,1,2363,Marco Chiudinelli,,Switzerland,SUI,58,-2,1875,3-6 6-1 6-1 6-3,,52,,
2010-01-18,Australian Open,G,5,H,false,R128,Novak Djokovic,3,Serbia,SRB,3,1,2362,Daniel Gimeno Traver,,Spain,ESP,74,-1,1750,7-5 6-3 6-2,,52,,
2009-08-31,US Open,G,5,H,false,SF,Roger Federer,1,Switzerland,SUI,1,9,2446,Novak Djokovic,4,Serbia,SRB,4,-9,2302,7-6(3) 7-5 7-5,,56,,
2009-08-31,US Open,G,5,H,false,QF,Novak Djokovic,4,Serbia,SRB,4,8,2294,Fernando Verdasco,10,Spain,ESP,10,-8,2153,7-6(2) 1-6 7-5 6-2,,56,,
2009-08-31,US Open,G,5,H,false,R16,Novak Djokovic,4,Serbia,SRB,4,7,2287,Radek Stepanek,15,Czech Republic,CZE,16,-7,2105,6-1 6-3 6-3,,56,,
2009-08-31,US Open,G,5,H,false,R32,Novak Djokovic,4,Serbia,SRB,4,1,2286,Jesse Witten,,United States,USA,276,-3,1759,6-7(2) 6-3 7-6(2) 6-4,Q,56,,
2009-08-31,US Open,G,5,H,false,R64,Novak Djokovic,4,Serbia,SRB,4,2,2284,Carsten Ball,,Australia,AUS,155,-2,1811,6-3 6-4 6-4,Q,56,,
2009-08-31,US Open,G,5,H,false,R128,Novak Djokovic,4,Serbia,SRB,4,3,2281,Ivan Ljubicic,,Croatia,CRO,51,-4,1977,6-3 6-1 6-3,,56,,
2009-06-22,Wimbledon,G,5,G,false,QF,Tommy Haas,24,Germany,GER,34,20,2110,Novak Djokovic,4,Serbia,SRB,4,-20,2288,7-5 7-6(6) 4-6 6-3,,83,,
2009-06-22,Wimbledon,G,5,G,false,R16,Novak Djokovic,4,Serbia,SRB,4,3,2285,Dudi Sela,,Israel,ISR,46,-4,1944,6-2 6-4 6-1,,83,,
2009-06-22,Wimbledon,G,5,G,false,R32,Novak Djokovic,4,Serbia,SRB,4,4,2281,Mardy Fish,28,United States,USA,25,-5,2009,6-4 6-4 6-4,,83,,
2009-06-22,Wimbledon,G,5,G,false,R64,Novak Djokovic,4,Serbia,SRB,4,1,2280,Simon Greul,,Germany,GER,106,-2,1718,7-5 6-1 6-4,Q,83,,
2009-06-22,Wimbledon,G,5,G,false,R128,Novak Djokovic,4,Serbia,SRB,4,3,2277,Julien Benneteau,,France,FRA,81,-3,1913,6-7(8) 7-6(1) 6-2 6-4,,83,,
2009-05-25,Roland Garros,G,5,C,false,R32,Philipp Kohlschreiber,29,Germany,GER,31,22,2048,Novak Djokovic,4,Serbia,SRB,4,-21,2308,6-4 6-4 6-4,,51,,
2009-05-25,Roland Garros,G,5,C,false,R64,Novak Djokovic,4,Serbia,SRB,4,2,2306,Sergiy Stakhovsky,,Ukraine,UKR,110,-3,1829,6-3 6-4 6-1,Q,51,,
2009-05-25,Roland Garros,G,5,C,false,R128,Novak Djokovic,4,Serbia,SRB,4,2,2304,Nicolas Lapentti,,Ecuador,ECU,102,-2,1896,6-3 3-1 RET,,51,RET,
2009-01-19,Australian Open,G,5,H,false,QF,Andy Roddick,7,United States,USA,9,16,2192,Novak Djokovic,3,Serbia,SRB,3,-17,2266,6-7(3) 6-4 6-2 2-1 RET,,53,RET,
2009-01-19,Australian Open,G,5,H,false,R16,Novak Djokovic,3,Serbia,SRB,3,6,2260,Marcos Baghdatis,,Cyprus,CYP,97,-6,2053,6-1 7-6(1) 6-7(5) 6-2,,53,,
2009-01-19,Australian Open,G,5,H,false,R32,Novak Djokovic,3,Serbia,SRB,3,2,2258,Amer Delic,,Bosnia and Herzegovina,BIH,127,-3,1843,6-2 4-6 6-3 7-6(4),LL,53,,
2009-01-19,Australian Open,G,5,H,false,R64,Novak Djokovic,3,Serbia,SRB,3,3,2255,Jeremy Chardy,,France,FRA,68,-3,1865,7-5 6-1 6-3,,53,,
2009-01-19,Australian Open,G,5,H,false,R128,Novak Djokovic,3,Serbia,SRB,3,,2255,Andrea Stoppini,,Italy,ITA,220,-3,1686,6-2 6-3 7-5,Q,53,,
2008-08-25,US Open,G,5,H,false,SF,Roger Federer,2,Switzerland,SUI,2,12,2371,Novak Djokovic,3,Serbia,SRB,3,-12,2309,6-3 5-7 7-5 6-2,,64,,
2008-08-25,US Open,G,5,H,false,QF,Novak Djokovic,3,Serbia,SRB,3,10,2299,Andy Roddick,8,United States,USA,8,-10,2202,6-2 6-3 3-6 7-6(5),,64,,
2008-08-25,US Open,G,5,H,false,R16,Novak Djokovic,3,Serbia,SRB,3,6,2293,Tommy Robredo,15,Spain,ESP,15,-6,2080,4-6 6-2 6-3 5-7 6-3,,64,,
2008-08-25,US Open,G,5,H,false,R32,Novak Djokovic,3,Serbia,SRB,3,5,2288,Marin Cilic,30,Croatia,CRO,24,-5,2020,6-7(7) 7-5 6-4 7-6(0),,64,,
2008-08-25,US Open,G,5,H,false,R64,Novak Djokovic,3,Serbia,SRB,3,1,2287,Robert Kendrick,,United States,USA,113,-2,1720,7-6(8) 6-4 6-4,Q,64,,
2008-08-25,US Open,G,5,H,false,R128,Novak Djokovic,3,Serbia,SRB,3,2,2285,Arnaud Clement,,France,FRA,78,-2,1885,6-3 6-3 6-4,,64,,
2008-06-23,Wimbledon,G,5,G,false,R64,Marat Safin,,Russian Federation,RUS,75,24,1952,Novak Djokovic,3,Serbia,SRB,3,-21,2293,6-4 7-6(3) 6-2,,79,,
2008-06-23,Wimbledon,G,5,G,false,R128,Novak Djokovic,3,Serbia,SRB,3,1,2292,Michael Berrer,,Germany,GER,91,-3,1729,7-5 2-6 6-3 6-0,,79,,
2008-05-25,Roland Garros,G,5,C,false,SF,Rafael Nadal,2,Spain,ESP,2,12,2368,Novak Djokovic,3,Serbia,SRB,3,-12,2299,6-4 6-2 7-6(3),,41,,
2008-05-25,Roland Garros,G,5,C,false,QF,Novak Djokovic,3,Serbia,SRB,3,3,2296,Ernests Gulbis,,Latvia,LAT,80,-4,1914,7-5 7-6(3) 7-5,,41,,
2008-05-25,Roland Garros,G,5,C,false,R16,Novak Djokovic,3,Serbia,SRB,3,4,2292,Paul Henri Mathieu,18,France,FRA,19,-5,2021,6-4 6-3 6-4,,41,,
2008-05-25,Roland Garros,G,5,C,false,R32,Novak Djokovic,3,Serbia,SRB,3,2,2290,Wayne Odesnik,,United States,USA,106,-2,1834,7-5 6-4 6-2,WC,41,,
2008-05-25,Roland Garros,G,5,C,false,R64,Novak Djokovic,3,Serbia,SRB,3,1,2289,Miguel Angel Lopez Jaen,,Spain,ESP,264,-3,1741,6-1 6-1 6-3,Q,41,,
2008-05-25,Roland Garros,G,5,C,false,R128,Novak Djokovic,3,Serbia,SRB,3,2,2287,Denis Gremelmayr,,Germany,GER,64,-2,1873,4-6 6-3 7-5 6-2,,41,,
2008-01-14,Australian Open,G,5,H,false,F,Novak Djokovic,3,Serbia,SRB,3,6,2270,Jo Wilfried Tsonga,,France,FRA,38,-6,2026,4-6 6-4 6-3 7-6(2),,53,,
2008-01-14,Australian Open,G,5,H,false,SF,Novak Djokovic,3,Serbia,SRB,3,24,2246,Roger Federer,1,Switzerland,SUI,1,-23,2490,7-5 6-3 7-6(5),,53,,
2008-01-14,Australian Open,G,5,H,false,QF,Novak Djokovic,3,Serbia,SRB,3,12,2234,David Ferrer,5,Spain,ESP,5,-12,2193,6-0 6-3 7-5,,53,,
2008-01-14,Australian Open,G,5,H,false,R16,Novak Djokovic,3,Serbia,SRB,3,9,2225,Lleyton Hewitt,19,Australia,AUS,22,-9,2123,7-5 6-3 6-3,,53,,
2008-01-14,Australian Open,G,5,H,false,R32,Novak Djokovic,3,Serbia,SRB,3,3,2222,Sam Querrey,,United States,USA,62,-4,1864,6-3 6-1 6-3,,53,,
2008-01-14,Australian Open,G,5,H,false,R64,Novak Djokovic,3,Serbia,SRB,3,2,2220,Simone Bolelli,,Italy,ITA,70,-3,1804,6-1 6-2 6-2,,53,,
2008-01-14,Australian Open,G,5,H,false,R128,Novak Djokovic,3,Serbia,SRB,3,2,2218,Benjamin Becker,,Germany,GER,81,-3,1809,6-0 6-2 7-6(5),,53,,
2007-08-27,US Open,G,5,H,false,F,Roger Federer,1,Switzerland,SUI,1,6,2506,Novak Djokovic,3,Serbia,SRB,3,-7,2272,7-6(4) 7-6(2) 6-4,,59,,
2007-08-27,US Open,G,5,H,false,SF,Novak Djokovic,3,Serbia,SRB,3,10,2262,David Ferrer,15,Spain,ESP,15,-10,2148,6-4 6-4 6-3,,59,,
2007-08-27,US Open,G,5,H,false,QF,Novak Djokovic,3,Serbia,SRB,3,8,2254,Carlos Moya,17,Spain,ESP,17,-8,2102,6-4 7-6(7) 6-1,,59,,
2007-08-27,US Open,G,5,H,false,R16,Novak Djokovic,3,Serbia,SRB,3,6,2248,Juan Monaco,23,Argentina,ARG,23,-6,2044,7-5 7-6(2) 6-7(6) 6-1,,59,,
2007-08-27,US Open,G,5,H,false,R32,Novak Djokovic,3,Serbia,SRB,3,4,2244,Juan Martin Del Potro,,Argentina,ARG,57,-4,1946,6-1 6-3 6-4,,59,,
2007-08-27,US Open,G,5,H,false,R64,Novak Djokovic,3,Serbia,SRB,3,6,2238,Radek Stepanek,,Czech Republic,CZE,35,-6,2049,6-7(4) 7-6(5) 5-7 7-5 7-6(2),,59,,
2007-08-27,US Open,G,5,H,false,R128,Novak Djokovic,3,Serbia,SRB,3,2,2236,Robin Haase,,Netherlands,NED,95,-3,1820,6-2 6-1 6-3,LL,59,,
2007-06-25,Wimbledon,G,5,G,false,SF,Rafael Nadal,2,Spain,ESP,2,7,2403,Novak Djokovic,4,Serbia,SRB,5,-8,2213,3-6 6-1 4-1 RET,,73,RET,
2007-06-25,Wimbledon,G,5,G,false,QF,Novak Djokovic,4,Serbia,SRB,5,9,2204,Marcos Baghdatis,10,Cyprus,CYP,16,-9,2081,7-6(4) 7-6(9) 6-7(3) 4-6 7-5,,73,,
2007-06-25,Wimbledon,G,5,G,false,R16,Novak Djokovic,4,Serbia,SRB,5,11,2193,Lleyton Hewitt,16,Australia,AUS,19,-11,2136,7-6(8) 7-6(2) 4-6 7-6(5),,73,,
2007-06-25,Wimbledon,G,5,G,false,R32,Novak Djokovic,4,Serbia,SRB,5,8,2185,Nicolas Kiefer,,Germany,GER,404,-8,2028,7-6(4) 6-7(6) 6-2 7-6(5),,73,,
2007-06-25,Wimbledon,G,5,G,false,R64,Novak Djokovic,4,Serbia,SRB,5,2,2183,Amer Delic,,Bosnia and Herzegovina,BIH,67,-4,1805,6-3 3-6 6-3 7-6(4),,73,,
2007-06-25,Wimbledon,G,5,G,false,R128,Novak Djokovic,4,Serbia,SRB,5,5,2178,Potito Starace,,Italy,ITA,47,-5,1913,6-0 6-3 6-4,,73,,
2007-05-28,Roland Garros,G,5,C,false,SF,Rafael Nadal,2,Spain,ESP,2,7,2374,Novak Djokovic,6,Serbia,SRB,6,-7,2198,7-5 6-4 6-2,,38,,
2007-05-28,Roland Garros,G,5,C,false,QF,Novak Djokovic,6,Serbia,SRB,6,7,2191,Igor Andreev,,Russian Federation,RUS,125,-8,2025,6-3 6-3 6-3,,38,,
2007-05-28,Roland Garros,G,5,C,false,R16,Novak Djokovic,6,Serbia,SRB,6,5,2186,Fernando Verdasco,,Spain,ESP,51,-6,1936,6-3 6-3 7-6(1),,38,,
2007-05-28,Roland Garros,G,5,C,false,R32,Novak Djokovic,6,Serbia,SRB,6,2,2184,Olivier Patience,,France,FRA,129,-4,1772,7-6(2) 2-6 3-6 7-6(4) 6-3,WC,38,,
2007-05-28,Roland Garros,G,5,C,false,R64,Novak Djokovic,6,Serbia,SRB,6,2,2182,Laurent Recouderc,,France,FRA,306,-4,1751,6-3 3-6 6-3 6-1,Q,38,,
2007-05-28,Roland Garros,G,5,C,false,R128,Novak Djokovic,6,Serbia,SRB,6,2,2180,Santiago Giraldo,,Colombia,COL,123,-4,1716,6-3 7-6(3) 6-4,LL,38,,
2007-01-15,Australian Open,G,5,H,false,R16,Roger Federer,1,Switzerland,SUI,1,1,2534,Novak Djokovic,14,Serbia,SRB,15,-2,2088,6-2 7-5 6-3,,55,,
2007-01-15,Australian Open,G,5,H,false,R32,Novak Djokovic,14,Serbia,SRB,15,6,2082,Danai Udomchoke,,Thailand,THA,102,-7,1838,6-3 6-4 5-7 6-1,,55,,
2007-01-15,Australian Open,G,5,H,false,R64,Novak Djokovic,14,Serbia,SRB,15,6,2076,Feliciano Lopez,,Spain,ESP,79,-8,1889,6-2 7-5 6-1,,55,,
2007-01-15,Australian Open,G,5,H,false,R128,Novak Djokovic,14,Serbia,SRB,15,8,2068,Nicolas Massu,,Chile,CHI,43,-9,1947,6-1 6-1 6-0,,55,,
2006-08-28,US Open,G,5,H,false,R32,Lleyton Hewitt,15,Australia,AUS,17,8,2166,Novak Djokovic,20,Serbia,SRB,23,-9,2031,6-3 6-1 6-2,,61,,
2006-08-28,US Open,G,5,H,false,R64,Novak Djokovic,20,Serbia,SRB,23,10,2021,Mardy Fish,,United States,USA,60,-11,1944,7-6(5) 6-4 3-6 7-6(3),,61,,
2006-08-28,US Open,G,5,H,false,R128,Novak Djokovic,20,Serbia,SRB,23,1,2020,Donald Young,,United States,USA,577,-11,1500,4-6 6-3 6-0 6-1,WC,61,,
2006-06-26,Wimbledon,G,5,G,false,R16,Mario Ancic,7,Croatia,CRO,10,8,2128,Novak Djokovic,,Serbia,SRB,39,-9,2002,6-4 4-6 4-6 7-5 6-3,,75,,
2006-06-26,Wimbledon,G,5,G,false,R32,Novak Djokovic,,Serbia,SRB,39,12,1990,Mikhail Youzhny,,Russian Federation,RUS,41,-13,1941,4-6 6-2 6-3 6-3,,75,,
2006-06-26,Wimbledon,G,5,G,false,R64,Novak Djokovic,,Serbia,SRB,39,17,1973,Tommy Robredo,11,Spain,ESP,8,-15,2064,7-6(5) 6-2 6-4,,75,,
2006-06-26,Wimbledon,G,5,G,false,R128,Novak Djokovic,,Serbia,SRB,39,10,1963,Paul Goldstein,,United States,USA,65,-12,1874,6-3 6-2 7-6(3),,75,,
2006-05-29,Roland Garros,G,5,C,false,QF,Rafael Nadal,2,Spain,ESP,2,3,2372,Novak Djokovic,,Serbia,SRB,63,-3,1974,6-4 6-4 RET,,34,RET,
2006-05-29,Roland Garros,G,5,C,false,R16,Novak Djokovic,,Serbia,SRB,63,15,1959,Gael Monfils,25,France,FRA,28,-15,1977,7-6(5) 7-6(5) 6-3,,34,,
2006-05-29,Roland Garros,G,5,C,false,R32,Novak Djokovic,,Serbia,SRB,63,20,1939,Tommy Haas,23,Germany,GER,25,-18,2066,7-5 6-1 7-6(4),,34,,
2006-05-29,Roland Garros,G,5,C,false,R64,Novak Djokovic,,Serbia,SRB,63,21,1918,Fernando Gonzalez,9,Chile,CHI,9,-18,2103,6-4 6-1 3-6 4-6 6-1,,34,,
2006-05-29,Roland Garros,G,5,C,false,R128,Novak Djokovic,,Serbia,SRB,63,14,1904,Luis Horna,,Peru,PER,46,-14,1886,6-3 5-0 RET,,34,RET,
2006-01-16,Australian Open,G,5,H,false,R128,Paul Goldstein,,United States,USA,68,17,1844,Novak Djokovic,,Serbia,SRB,76,-17,1860,6-2 1-6 6-3 6-2,,42,,
2005-08-29,US Open,G,5,H,false,R32,Fernando Verdasco,,Spain,ESP,48,8,2002,Novak Djokovic,,Serbia,SRB,97,-10,1840,6-1 4-6 6-7(2) 6-4 6-4,,63,,
2005-08-29,US Open,G,5,H,false,R64,Novak Djokovic,,Serbia,SRB,97,28,1812,Mario Ancic,22,Croatia,CRO,24,-20,2013,6-3 5-7 7-6(4) 6-3,,63,,
2005-08-29,US Open,G,5,H,false,R128,Novak Djokovic,,Serbia,SRB,97,28,1784,Gael Monfils,,France,FRA,43,-20,1901,7-5 4-6 7-6(5) 0-6 7-5,,63,,
2005-06-20,Wimbledon,G,5,G,false,R32,Sebastien Grosjean,9,France,FRA,27,5,2046,Novak Djokovic,,Serbia,SRB,128,-8,1790,7-5 6-4 5-7 6-4,Q,75,,
2005-06-20,Wimbledon,G,5,G,false,R64,Novak Djokovic,,Serbia,SRB,128,29,1761,Guillermo Garcia Lopez,,Spain,ESP,81,-21,1847,3-6 3-6 7-6(5) 7-6(3) 6-4,,75,,Q
2005-06-20,Wimbledon,G,5,G,false,R128,Novak Djokovic,,Serbia,SRB,128,43,1718,Juan Monaco,,Argentina,ARG,68,-22,1875,6-3 7-6(5) 6-3,,75,,Q
2005-05-23,Roland Garros,G,5,C,false,R64,Guillermo Coria,8,Argentina,ARG,9,2,2164,Novak Djokovic,,Serbia,SRB,153,-4,1722,4-6 6-2 3-2 RET,Q,24,RET,
2005-05-23,Roland Garros,G,5,C,false,R128,Novak Djokovic,,Serbia,SRB,153,81,1641,Robby Ginepri,,United States,USA,71,-24,1901,6-0 6-0 6-3,,24,,Q
2005-01-17,Australian Open,G,5,H,false,R128,Marat Safin,4,Russian Federation,RUS,4,1,2149,Novak Djokovic,,Serbia,SRB,188,-5,1656,6-0 6-2 6-1,Q,51,,